untitled,0
document,1
unsubscribe,2
change,3
subscriber,4
option,5
click,6
deathtospamdeathtospamdeathtospam,7
sfnet,8
email,9
sponsored,10
httpaddr,11
welcome,12
geek,13
heaven,14
spamassassinsightings,15
mailing,16
list,17
emailaddr,18
america,19
top,20
company,21
compete,22
business,23
win,24
take,25
moment,26
let,27
show,28
save,29
money,30
address,31
concern,32
absolutely,33
hassle,34
obligation,35
cost,36
quote,37
need,38
mortgage,39
rate,40
thousand,41
new,42
home,43
loan,44
refinance,45
consolidate,46
high,47
interest,48
credit,49
card,50
debt,51
low,52
able,53
get,54
nombre,55
great,56
offer,57
le,58
hour,59
jennifer,60
met,61
search,62
way,63
put,64
control,65
robert,66
easy,67
delete,68
future,69
update,70
result,71
feedback,72
form,73
submitted,74
pharmacy,75
online,76
sunday,77
may,78
body,79
viagra,80
without,81
doctor,82
appointment,83
fill,84
simple,85
minute,86
receive,87
prescription,88
fed,89
ex,90
available,91
also,92
removed,93
please,94
policy,95
disclaimer,96
bill,97
title,98
iii,99
passed,100
th,101
congress,102
mail,103
cannot,104
considered,105
spam,106
long,107
include,108
contact,109
information,110
remove,111
link,112
removal,113
unsolicited,114
accept,115
apology,116
per,117
proposed,118
hr,119
commercial,120
electronic,121
act,122
transmission,123
sender,124
stopped,125
access,126
manage,127
data,128
dont,129
worry,130
confusing,131
finding,132
fine,133
doesnt,134
allow,135
build,136
custom,137
application,138
report,139
alternative,140
good,141
news,142
million,143
customer,144
found,145
really,146
database,147
software,148
make,149
feel,150
like,151
free,152
day,153
full,154
working,155
copy,156
award,157
winning,158
decide,159
see,160
pc,161
world,162
product,163
powerful,164
easier,165
say,166
leaf,167
since,168
acknowledged,169
leader,170
solve,171
personal,172
management,173
easily,174
organize,175
billing,176
payable,177
track,178
inventory,179
equipment,180
service,181
school,182
record,183
keep,184
project,185
maintenance,186
much,187
dear,188
homeowner,189
yr,190
fixed,191
lowest,192
point,193
year,194
help,195
find,196
best,197
situation,198
matching,199
hundred,200
lender,201
improvement,202
second,203
equity,204
even,205
perfect,206
lock,207
today,208
ano,209
pocket,210
afree,211
consultation,212
aall,213
grade,214
accepted,215
wont,216
stay,217
forever,218
based,219
detail,220
apply,221
one,222
lending,223
partner,224
back,225
within,226
clicking,227
cd,228
rom,229
helping,230
create,231
huge,232
fortune,233
info,234
could,235
time,236
income,237
paid,238
every,239
york,240
stock,241
exchange,242
real,243
competition,244
everybody,245
got,246
somebody,247
go,248
website,249
view,250
hottest,251
video,252
presentation,253
ever,254
sign,255
least,256
bit,257
making,258
simply,259
send,260
subject,261
know,262
signed,263
waiting,264
hear,265
soon,266
ga,267
line,268
thanks,269
thank,270
obtained,271
purchased,272
reference,273
wish,274
enter,275
name,276
box,277
previously,278
unsubscribed,279
still,280
receiving,281
message,282
abuse,283
center,284
call,285
write,286
nospam,287
coral,288
miami,289
fl,290
web,291
inc,292
right,293
reserved,294
mr,295
officer,296
united,297
bank,298
africa,299
lagos,300
nigeria,301
sir,302
urgent,303
proposal,304
pleased,305
across,306
profitable,307
seen,308
confidence,309
chief,310
executive,311
state,312
industry,313
confidential,314
intended,315
thus,316
foreigner,317
contractor,318
government,319
account,320
sum,321
five,322
dollar,323
man,324
died,325
four,326
ago,327
next,328
kin,329
come,330
forward,331
claim,332
noticed,333
two,334
official,335
want,336
relevant,337
advised,338
use,339
position,340
whole,341
procedure,342
last,343
ten,344
fund,345
successfully,346
trace,347
response,348
necessary,349
thing,350
kindly,351
indicating,352
ensure,353
deal,354
assistance,355
agreed,356
give,357
thirty,358
percent,359
total,360
end,361
transaction,362
risk,363
mega,364
correspondence,365
towards,366
await,367
exit,368
instruction,369
congratulation,370
internet,371
casino,372
collect,373
cash,374
sent,375
compliance,376
section,377
paragraph,378
entering,379
submit,380
automatically,381
optin,382
provided,383
immediately,384
tremendous,385
saving,386
toner,387
inkjets,388
fax,389
thermal,390
replenishables,391
secret,392
weapon,393
lowering,394
quality,395
lowcost,396
printer,397
supply,398
pride,399
rapid,400
outstanding,401
sell,402
compatible,403
replacement,404
epson,405
canon,406
hewlett,407
packard,408
xerox,409
okidata,410
brother,411
lexmark,412
meet,413
often,414
exceed,415
original,416
manufacturer,417
specification,418
check,419
price,420
stylus,421
color,422
inkjet,423
cartridge,424
epsons,425
hp,426
laserjet,427
visit,428
similar,429
bargain,430
request,431
beautiful,432
complete,433
site,434
started,435
whatever,436
client,437
designer,438
includes,439
page,440
add,441
must,442
host,443
month,444
pop,445
coast,446
rep,447
area,448
current,449
phone,450
family,451
nature,452
quite,453
understand,454
attention,455
country,456
directory,457
someone,458
assist,459
managing,460
son,461
present,462
political,463
white,464
farmer,465
effort,466
farm,467
father,468
death,469
february,470
protect,471
life,472
earth,473
trade,474
diamond,475
gold,476
foreign,477
crime,478
medium,479
law,480
president,481
la,482
st,483
decided,484
block,485
asset,486
black,487
included,488
oppose,489
support,490
presently,491
therefore,492
move,493
mother,494
younger,495
sister,496
republic,497
south,498
live,499
anything,500
source,501
deposited,502
seven,503
finance,504
security,505
carry,506
moved,507
never,508
completed,509
inform,510
sure,511
europe,512
office,513
seek,514
honest,515
trustworthy,516
clear,517
valid,518
covering,519
deposit,520
actually,521
presented,522
person,523
contacted,524
purpose,525
whose,526
lift,527
finally,528
three,529
hope,530
grant,531
understanding,532
reliable,533
mind,534
read,535
regard,536
opportunity,537
alliance,538
release,539
sale,540
smart,541
ground,542
breaking,543
bizop,544
already,545
market,546
announced,547
plug,548
play,549
feature,550
art,551
marketing,552
technology,553
training,554
entrepreneur,555
brings,556
first,557
everything,558
master,559
place,560
microsoft,561
licensed,562
explorer,563
browser,564
cable,565
affordable,566
comprehensive,567
resource,568
offline,569
else,570
ability,571
monthly,572
latest,573
contains,574
level,575
worldwide,576
said,577
pricing,578
availability,579
purchase,580
january,581
shipped,582
starting,583
telephone,584
code,585
authorized,586
distributor,587
listed,588
retail,589
exclusively,590
advertising,591
work,592
idea,593
engine,594
webmaster,595
tool,596
installation,597
old,598
become,599
associate,600
eligible,601
commission,602
specifically,603
ad,604
submission,605
program,606
classified,607
virus,608
scan,609
paypal,610
html,611
editor,612
desk,613
tracking,614
system,615
plus,616
shipping,617
handling,618
international,619
research,620
development,621
team,622
provide,623
advanced,624
date,625
technique,626
consumer,627
programming,628
upgrade,629
downloadable,630
via,631
usd,632
past,633
power,634
bonus,635
annuity,636
premium,637
effective,638
yield,639
city,640
anybody,641
professional,642
communication,643
insurance,644
reply,645
instead,646
legal,647
notice,648
express,649
offering,650
following,651
limited,652
ragga,653
dagga,654
stoney,655
mahoney,656
sweet,657
vjestika,658
aqueous,659
kathmandu,660
along,661
oz,662
package,663
capillaris,664
herba,665
botanical,666
exotic,667
brought,668
temple,669
kiff,670
choice,671
pipesmoking,672
common,673
tm,674
smoking,675
substance,676
supplemental,677
introduced,678
recent,679
dramatic,680
technological,681
advance,682
process,683
extraction,684
alkaloid,685
supplement,686
matter,687
format,688
significant,689
lawful,690
planet,691
viripotent,692
happy,693
indeed,694
sophisticated,695
poised,696
illegal,697
regulation,698
illegality,699
failed,700
drug,701
test,702
inhibits,703
stress,704
anxiety,705
inspires,706
sexual,707
experience,708
sleep,709
herbabotanical,710
alcohol,711
smoke,712
noninvasive,713
goodly,714
posse,715
many,716
virtue,717
none,718
negative,719
little,720
draw,721
pipe,722
traditional,723
hand,724
exclusive,725
proprietary,726
prestigious,727
sort,728
potent,729
cutting,730
edge,731
formulation,732
establish,733
base,734
hardcore,735
arena,736
made,737
positive,738
difference,739
oneofakind,740
amalgamation,741
comprised,742
extreme,743
highratio,744
extract,745
derived,746
various,747
uncommon,748
eastern,749
solid,750
jiggetsbars,751
might,752
happiness,753
coffee,754
tea,755
house,756
aspect,757
collected,758
focused,759
ingredient,760
always,761
remain,762
specialty,763
physical,764
prescribed,765
essence,766
flowertops,767
oil,768
ratio,769
ranging,770
concentration,771
seed,772
herb,773
angelica,774
root,775
wild,776
salvia,777
sativa,778
lotus,779
note,780
substantiality,781
factor,782
therein,783
regulated,784
harmful,785
regulatory,786
agency,787
tobacco,788
certainly,789
although,790
adult,791
usage,792
subsequently,793
mandatory,794
ethical,795
sold,796
offered,797
given,798
attained,799
age,800
well,801
driving,802
enjoyed,803
pregnancy,804
physician,805
care,806
choose,807
something,808
introducing,809
drop,810
mean,811
youre,812
contain,813
people,814
asked,815
liquid,816
bring,817
task,818
variety,819
reason,820
sensitive,821
fire,822
particular,823
substantial,824
utilized,825
certain,826
extracted,827
instance,828
enjoy,829
advantage,830
specific,831
absolute,832
vehicle,833
integrated,834
created,835
unique,836
arrangement,837
mention,838
refer,839
introductory,840
required,841
attitude,842
enhancement,843
better,844
john,845
etc,846
pharmaceutical,847
intro,848
superior,849
content,850
however,851
individual,852
yet,853
true,854
juice,855
water,856
reach,857
child,858
develop,859
looseleaf,860
cup,861
style,862
speak,863
acquired,864
knowledge,865
dream,866
dragon,867
part,868
aggressive,869
status,870
premier,871
would,872
signature,873
upon,874
class,875
rare,876
history,877
declared,878
molecular,879
hence,880
introduce,881
highly,882
different,883
kind,884
jester,885
folk,886
due,887
addition,888
standard,889
paper,890
brass,891
hookah,892
filled,893
definitely,894
enhancer,895
food,896
deep,897
horny,898
andor,899
roll,900
popular,901
demand,902
another,903
nonsmoker,904
pretty,905
special,906
depending,907
retained,908
appropriate,909
approximately,910
chinese,911
european,912
achieve,913
herbal,914
including,915
aphrodisia,916
erotic,917
amalgamated,918
men,919
woman,920
seventh,921
prosaka,922
tablet,923
medication,924
calm,925
balance,926
serenity,927
joyful,928
living,929
gentle,930
ferocity,931
noncaffeine,932
nonephedrine,933
nonmahuang,934
cuttingedge,935
appetite,936
suppressant,937
martial,938
remedy,939
equivalence,940
wing,941
spray,942
pain,943
arthritis,944
penile,945
skin,946
provides,947
sensitivity,948
hair,949
jiggetbar,950
bottle,951
loose,952
sorry,953
maximum,954
order,955
tin,956
six,957
jar,958
mg,959
pack,960
dynamic,961
tab,962
capsule,963
reg,964
jigget,965
bar,966
love,967
regular,968
ordering,969
convenience,970
direct,971
question,972
monday,973
saturday,974
pm,975
mountain,976
domestic,977
priority,978
blank,979
subjectremove,980
word,981
nd,982
trust,983
consolidation,984
verification,985
competitive,986
quick,987
fee,988
using,989
copyright,990
solicitation,991
broker,992
financial,993
tried,994
lead,995
think,996
extended,997
join,998
coop,999
recently,1000
together,1001
group,1002
cent,1003
normally,1004
network,1005
marketer,1006
guaranteed,1007
active,1008
experienced,1009
either,1010
responded,1011
open,1012
earn,1013
residual,1014
cause,1015
remember,1016
proven,1017
ie,1018
missing,1019
handled,1020
est,1021
downline,1022
member,1023
received,1024
relationship,1025
hello,1026
nbc,1027
cbs,1028
cnn,1029
oprah,1030
health,1031
discovery,1032
revers,1033
aging,1034
burning,1035
fat,1036
dieting,1037
exercise,1038
reported,1039
england,1040
journal,1041
medicine,1042
forget,1043
lose,1044
weight,1045
hunger,1046
craving,1047
strenuous,1048
loss,1049
wrinkle,1050
reduction,1051
energy,1052
muscle,1053
strength,1054
potency,1055
emotional,1056
stability,1057
memory,1058
related,1059
“sensitiveresponsive”,1060
“personal,1061
choice”,1062
“seventh,1063
heaven”,1064
enhances,1065
formulated,1066
tm…,1067
saying,1068
phenomenon,1069
skeptical,1070
’s,1071
hard,1072
core,1073
smoker,1074
knew,1075
stuff,1076
ligament,1077
tendon,1078
disease,1079
cheaper,1080
lot,1081
trouble,1082
smell,1083
far,1084
sample,1085
discount,1086
prefer,1087
se,1088
talk,1089
gram,1090
piece,1091
enclosed,1092
going,1093
unable,1094
job,1095
maybe,1096
mouth,1097
try,1098
computer,1099
cold,1100
calling,1101
small,1102
social,1103
used,1104
worthwhile,1105
sincerely,1106
location,1107
usa,1108
guy,1109
description,1110
effect,1111
literally,1112
advertisement,1113
nice,1114
taste,1115
glad,1116
took,1117
chance,1118
ordered,1119
blessing,1120
west,1121
don’t,1122
drink,1123
anymore,1124
path,1125
satisfied,1126
artist,1127
kingdom,1128
realize,1129
course,1130
inexpensively,1131
economic,1132
fact,1133
inexpensive,1134
acquire,1135
volume,1136
wholesale,1137
qualified,1138
select,1139
merchant,1140
touch,1141
desire,1142
fantasy,1143
orgasm,1144
climax,1145
entirely,1146
natural,1147
asian,1148
extraordinary,1149
herbaceous,1150
depression,1151
side,1152
spirit,1153
accordance,1154
fundamental,1155
principle,1156
thereby,1157
implication,1158
human,1159
cordial,1160
ongoing,1161
diet,1162
aid,1163
entitled,1164
increase,1165
metabolism,1166
decrease,1167
culture,1168
treatment,1169
bone,1170
joint,1171
distress,1172
trauma,1173
hei,1174
ping,1175
shun,1176
chibang,1177
injury,1178
eliminate,1179
discomfort,1180
combination,1181
guarantee,1182
significantly,1183
reduce,1184
eliminated,1185
proper,1186
rest,1187
extremely,1188
text,1189
featuring,1190
pure,1191
ultimate,1192
count,1193
gift,1194
value,1195
friday,1196
import,1197
type,1198
field,1199
dvd,1200
movie,1201
nothing,1202
burner,1203
backup,1204
collection,1205
player,1206
expensive,1207
tech,1208
party,1209
contracted,1210
newsletter,1211
jabber,1212
fastest,1213
growing,1214
realtime,1215
platform,1216
im,1217
falling,1218
longer,1219
tax,1220
deductible,1221
nationwide,1222
fit,1223
shopping,1224
specialist,1225
respond,1226
independent,1227
owner,1228
buyer,1229
taken,1230
national,1231
average,1232
arm,1233
va,1234
cap,1235
ca,1236
helped,1237
wa,1238
hot,1239
toy,1240
sex,1241
wet,1242
ready,1243
look,1244
sexy,1245
voice,1246
hurry,1247
tollfree,1248
teen,1249
signup,1250
personalized,1251
buy,1252
car,1253
youve,1254
carefully,1255
selected,1256
exciting,1257
follow,1258
bottom,1259
pheromone,1260
formula,1261
attract,1262
learn,1263
wonder,1264
instantly,1265
enhance,1266
additional,1267
major,1268
error,1269
et,1270
paying,1271
likely,1272
answer,1273
yes,1274
here,1275
war,1276
short,1277
thats,1278
continue,1279
lower,1280
prepared,1281
term,1282
obtain,1283
firm,1284
behalf,1285
rather,1286
whether,1287
otherwise,1288
reached,1289
duplicate,1290
assured,1291
honored,1292
requested,1293
ave,1294
park,1295
restore,1296
pleasure,1297
citizen,1298
late,1299
former,1300
came,1301
containing,1302
arrival,1303
safely,1304
kept,1305
invest,1306
constant,1307
plan,1308
residential,1309
safe,1310
pending,1311
receipt,1312
leave,1313
beneficiary,1314
movement,1315
willing,1316
percentage,1317
amount,1318
intend,1319
charge,1320
private,1321
number,1322
shall,1323
action,1324
set,1325
extra,1326
assure,1327
appreciated,1328
beach,1329
leading,1330
producer,1331
printed,1332
china,1333
longterm,1334
item,1335
size,1336
annual,1337
production,1338
capacity,1339
dozen,1340
inch,1341
pattern,1342
interested,1343
looking,1344
hearing,1345
manager,1346
norton,1347
suite,1348
edition,1349
featurepacked,1350
utility,1351
combined,1352
fall,1353
valuable,1354
permission,1355
third,1356
regarding,1357
promotion,1358
week,1359
apologize,1360
carrier,1361
drive,1362
ext,1363
anyone,1364
growth,1365
hormone,1366
therapy,1367
building,1368
lean,1369
massand,1370
reversing,1371
ravage,1372
remarkable,1373
hgh,1374
changing,1375
reverse,1376
increased,1377
libido,1378
erection,1379
improved,1380
disappearance,1381
maillistsjust,1382
registered,1383
around,1384
effectiveness,1385
speed,1386
raise,1387
targeted,1388
doubt,1389
directly,1390
success,1391
developing,1392
utilizing,1393
global,1394
enterprise,1395
cooperation,1396
according,1397
requirement,1398
potential,1399
greatly,1400
wide,1401
example,1402
fast,1403
sending,1404
multiple,1405
customized,1406
remark,1407
compiled,1408
region,1409
occupation,1410
domain,1411
searcher,1412
searching,1413
spread,1414
board,1415
newsgroups,1416
pro,1417
submitting,1418
hesitate,1419
serve,1420
lifetime,1421
protection,1422
peace,1423
happens,1424
nation,1425
wrong,1426
correct,1427
worth,1428
potentially,1429
gain,1430
possible,1431
secure,1432
enough,1433
wanting,1434
vacation,1435
pay,1436
determine,1437
promise,1438
attorney,1439
replace,1440
there,1441
pas,1442
favorite,1443
store,1444
helpful,1445
buying,1446
ac,1447
honor,1448
unwanted,1449
jb,1450
fuel,1451
tell,1452
head,1453
pump,1454
model,1455
minimum,1456
follows,1457
ship,1458
payment,1459
purchasing,1460
director,1461
irish,1462
linux,1463
user,1464
event,1465
unsubscription,1466
maintainer,1467
breast,1468
self,1469
confident,1470
comfortable,1471
bed,1472
double,1473
affiliate,1474
porn,1475
password,1476
handle,1477
opt,1478
goal,1479
target,1480
youd,1481
spouse,1482
kid,1483
talking,1484
dangerous,1485
instant,1486
big,1487
download,1488
tired,1489
feeling,1490
zip,1491
estimated,1492
hi,1493
girl,1494
friend,1495
dc,1496
motor,1497
length,1498
lee,1499
dd,1500
mm,1501
produce,1502
design,1503
operation,1504
hong,1505
kong,1506
tel,1507
naturally,1508
start,1509
thought,1510
getting,1511
keeping,1512
lost,1513
seem,1514
called,1515
creating,1516
unlike,1517
designed,1518
blood,1519
flow,1520
penis,1521
whats,1522
pill,1523
federal,1524
important,1525
register,1526
corporation,1527
yahoo,1528
trademark,1529
com,1530
article,1531
interesting,1532
registration,1533
traffic,1534
url,1535
receives,1536
registry,1537
closed,1538
large,1539
traded,1540
biggest,1541
highest,1542
developed,1543
giving,1544
road,1545
fantastic,1546
objective,1547
genuine,1548
fda,1549
approved,1550
dr,1551
delivery,1552
approval,1553
satisfaction,1554
hammer,1555
equipped,1556
done,1557
totally,1558
upto,1559
method,1560
survey,1561
conducted,1562
proof,1563
providing,1564
revolutionary,1565
famous,1566
transfer,1567
file,1568
improve,1569
performance,1570
press,1571
away,1572
incredible,1573
stop,1574
losing,1575
accepting,1576
net,1577
processing,1578
close,1579
specialize,1580
poor,1581
almost,1582
everyone,1583
creditor,1584
fix,1585
tomorrow,1586
relief,1587
department,1588
po,1589
cut,1590
refinancing,1591
prompt,1592
wait,1593
trillion,1594
largest,1595
currency,1596
discover,1597
properly,1598
euro,1599
returned,1600
successful,1601
trader,1602
return,1603
trading,1604
exposure,1605
forex,1606
fx,1607
participate,1608
consider,1609
cant,1610
afford,1611
attempt,1612
prevent,1613
others,1614
inconvenience,1615
happen,1616
qualify,1617
seeker,1618
ill,1619
exactly,1620
thinking,1621
impossible,1622
ordinary,1623
foundation,1624
everyday,1625
slice,1626
american,1627
pie,1628
trying,1629
conventional,1630
consuming,1631
requires,1632
paperwork,1633
operate,1634
criterion,1635
non,1636
require,1637
collateral,1638
cosigner,1639
bankruptcy,1640
bad,1641
payer,1642
currently,1643
scholarship,1644
billion,1645
expand,1646
estate,1647
college,1648
existing,1649
rush,1650
held,1651
sound,1652
wouldnt,1653
procurement,1654
contract,1655
consulting,1656
economy,1657
remains,1658
greater,1659
front,1660
bos,1661
giveaway,1662
incredibly,1663
applied,1664
equal,1665
share,1666
somehow,1667
isnt,1668
walk,1669
benefit,1670
repair,1671
grocery,1672
general,1673
expense,1674
academic,1675
housing,1676
summer,1677
music,1678
lesson,1679
activity,1680
senior,1681
medical,1682
suffered,1683
necessity,1684
education,1685
primary,1686
secondary,1687
engineering,1688
science,1689
graduate,1690
study,1691
congressional,1692
mandate,1693
guide,1694
heard,1695
ive,1696
locating,1697
obtaining,1698
book,1699
ebook,1700
meaning,1701
step,1702
writing,1703
youll,1704
guideline,1705
applying,1706
detailed,1707
listing,1708
expert,1709
supported,1710
venture,1711
capital,1712
generate,1713
funding,1714
inquiry,1715
sought,1716
assistant,1717
expanding,1718
advice,1719
courtesy,1720
land,1721
acquisition,1722
preparation,1723
unemployed,1724
employment,1725
practically,1726
resident,1727
christian,1728
faith,1729
endless,1730
begin,1731
tuition,1732
nurse,1733
dreamed,1734
owning,1735
expansion,1736
possibility,1737
unhappy,1738
refund,1739
entire,1740
moneyback,1741
material,1742
arent,1743
completely,1744
cancel,1745
immediate,1746
later,1747
fully,1748
featured,1749
alone,1750
anywhere,1751
interactive,1752
teach,1753
tip,1754
compare,1755
insider,1756
known,1757
trick,1758
airline,1759
rental,1760
auto,1761
investment,1762
manual,1763
succeed,1764
checklist,1765
amazed,1766
strategy,1767
concept,1768
template,1769
predict,1770
problem,1771
dog,1772
banker,1773
prospective,1774
investor,1775
door,1776
exact,1777
easiest,1778
stand,1779
fail,1780
manufacturing,1781
nobody,1782
told,1783
raising,1784
mistake,1785
trap,1786
avoid,1787
partnership,1788
costly,1789
franchise,1790
stepbystep,1791
organized,1792
mine,1793
achieved,1794
behind,1795
profit,1796
planning,1797
sense,1798
us,1799
turn,1800
machine,1801
aware,1802
revealed,1803
ensuring,1804
image,1805
cdrom,1806
author,1807
involved,1808
coach,1809
seminar,1810
career,1811
consultant,1812
learned,1813
brain,1814
priced,1815
serious,1816
delay,1817
regardless,1818
described,1819
transferred,1820
trial,1821
version,1822
missed,1823
weekend,1824
announcement,1825
opened,1826
review,1827
charged,1828
subscribed,1829
confirmed,1830
verified,1831
subscription,1832
middle,1833
setup,1834
visa,1835
mastercard,1836
auction,1837
run,1838
server,1839
miss,1840
budget,1841
grow,1842
deserve,1843
decision,1844
strong,1845
paste,1846
toll,1847
rd,1848
hit,1849
sincere,1850
committed,1851
main,1852
pic,1853
society,1854
selling,1855
banned,1856
strongly,1857
investigate,1858
enemy,1859
lover,1860
flame,1861
dig,1862
dirt,1863
fake,1864
diploma,1865
wall,1866
disappear,1867
identity,1868
obviously,1869
lawsuit,1870
unless,1871
constitutional,1872
uncle,1873
sam,1874
freedom,1875
local,1876
judgment,1877
irs,1878
collector,1879
criminal,1880
greedy,1881
privacy,1882
wife,1883
ez,1884
deleting,1885
cache,1886
picture,1887
chat,1888
log,1889
recovered,1890
haunt,1891
public,1892
neighbor,1893
ruin,1894
disk,1895
space,1896
professionally,1897
clean,1898
mouse,1899
window,1900
menu,1901
stored,1902
permanently,1903
hidden,1904
encrypted,1905
frightening,1906
viewed,1907
downloaded,1908
coming,1909
dead,1910
custody,1911
mutual,1912
trusted,1913
confirm,1914
involves,1915
enable,1916
letter,1917
committment,1918
strictly,1919
confirmation,1920
permanent,1921
authority,1922
july,1923
spend,1924
fraction,1925
unbelievable,1926
cell,1927
accessory,1928
case,1929
face,1930
plate,1931
palm,1932
usb,1933
super,1934
opening,1935
nc,1936
publish,1937
daily,1938
processed,1939
key,1940
brand,1941
prospect,1942
adding,1943
property,1944
agreement,1945
located,1946
condition,1947
disclosure,1948
published,1949
evaluation,1950
referral,1951
needed,1952
nearly,1953
brief,1954
tx,1955
mobile,1956
analysis,1957
applicant,1958
street,1959
single,1960
residence,1961
owed,1962
employer,1963
excellent,1964
fair,1965
morning,1966
afternoon,1967
evening,1968
verify,1969
especially,1970
button,1971
shortly,1972
mba,1973
added,1974
optout,1975
respect,1976
membership,1977
proud,1978
laugh,1979
recruiting,1980
rich,1981
favor,1982
hype,1983
overnight,1984
ask,1985
joined,1986
connection,1987
probably,1988
personally,1989
reward,1990
owe,1991
millionaire,1992
tv,1993
half,1994
bull,1995
lately,1996
popularity,1997
weekly,1998
devoted,1999
investigation,2000
investigated,2001
proved,2002
prohibiting,2003
participation,2004
bound,2005
buck,2006
approached,2007
expect,2008
minimal,2009
astonishment,2010
pam,2011
fort,2012
jersey,2013
testimonial,2014
believed,2015
gamble,2016
followed,2017
playing,2018
print,2019
shown,2020
appears,2021
envelope,2022
left,2023
corner,2024
resell,2025
accessible,2026
floppy,2027
alter,2028
sequence,2029
instructed,2030
majority,2031
tested,2032
believe,2033
happened,2034
honesty,2035
cycle,2036
counting,2037
insert,2038
accurately,2039
modified,2040
invaluable,2041
bulk,2042
legally,2043
assume,2044
continuing,2045
grand,2046
lie,2047
pencil,2048
worst,2049
calculate,2050
assuming,2051
mailed,2052
dare,2053
placing,2054
advertise,2055
larger,2056
suggest,2057
concealed,2058
wrapping,2059
sheet,2060
postal,2061
pa,2062
michael,2063
ok,2064
multilevel,2065
london,2066
canada,2067
mlm,2068
ne,2069
relax,2070
placed,2071
progress,2072
watching,2073
batch,2074
limit,2075
originator,2076
imagined,2077
exceedingly,2078
though,2079
financially,2080
mitchell,2081
jody,2082
chicago,2083
accountant,2084
grumbled,2085
junk,2086
fun,2087
population,2088
ignored,2089
supposed,2090
intelligence,2091
jumped,2092
foot,2093
merciless,2094
lay,2095
didnt,2096
shocked,2097
hobby,2098
wolf,2099
md,2100
illinois,2101
gambling,2102
several,2103
conservative,2104
initial,2105
surprised,2106
post,2107
crammed,2108
faster,2109
dan,2110
alberta,2111
deleted,2112
wondered,2113
emailed,2114
luckily,2115
susan,2116
de,2117
ny,2118
relatively,2119
zealand,2120
practice,2121
bureau,2122
washington,2123
postage,2124
fear,2125
nh,2126
ipogea,2127
si,2128
vous,2129
ce,2130
un,2131
en,2132
votre,2133
sur,2134
student,2135
mall,2136
scheme,2137
club,2138
isp,2139
unlimited,2140
mb,2141
earning,2142
revenue,2143
moving,2144
elsewhere,2145
ecommerce,2146
solution,2147
havent,2148
pool,2149
wanted,2150
turned,2151
combine,2152
economical,2153
qualification,2154
driver,2155
license,2156
id,2157
hotel,2158
ticket,2159
gave,2160
throughout,2161
convention,2162
september,2163
court,2164
netherlands,2165
confidentiality,2166
holiday,2167
overseas,2168
discovered,2169
floating,2170
operated,2171
concerning,2172
remaining,2173
contacting,2174
belief,2175
urgently,2176
sharing,2177
incurred,2178
quickly,2179
organization,2180
ownership,2181
trained,2182
negotiate,2183
harassment,2184
improving,2185
rating,2186
alabama,2187
alaska,2188
arizona,2189
arkansas,2190
california,2191
colorado,2192
columbia,2193
florida,2194
georgia,2195
hawaii,2196
idaho,2197
iowa,2198
kansa,2199
louisiana,2200
maine,2201
minnesota,2202
missouri,2203
montana,2204
nevada,2205
hampshire,2206
mexico,2207
north,2208
carolina,2209
dakota,2210
ohio,2211
oregon,2212
pennsylvania,2213
island,2214
texas,2215
utah,2216
virginia,2217
wisconsin,2218
wyoming,2219
repay,2220
tree,2221
separate,2222
noknok,2223
examine,2224
input,2225
screen,2226
allows,2227
employed,2228
sector,2229
university,2230
military,2231
ideal,2232
specialized,2233
testing,2234
scientific,2235
remote,2236
employee,2237
affair,2238
spy,2239
alert,2240
watch,2241
htg,2242
bk,2243
nkiys,2244
coverage,2245
prepare,2246
investigator,2247
seeking,2248
judicial,2249
winner,2250
shocking,2251
loser,2252
telling,2253
bond,2254
settlement,2255
forgotten,2256
collecting,2257
profession,2258
taught,2259
fulltime,2260
bigger,2261
corporate,2262
except,2263
shop,2264
directed,2265
excluded,2266
attractive,2267
script,2268
mac,2269
cc,2270
tuesday,2271
conference,2272
crystal,2273
anytime,2274
connects,2275
participant,2276
dial,2277
simplicity,2278
administration,2279
operator,2280
distribution,2281
couple,2282
grown,2283
vast,2284
train,2285
filling,2286
obligated,2287
opted,2288
requesting,2289
overlook,2290
startup,2291
category,2292
beat,2293
resume,2294
wealth,2295
penny,2296
exp,2297
citystatezip,2298
ff,2299
laser,2300
ink,2301
warranty,2302
defense,2303
celebrity,2304
possibly,2305
agent,2306
difficult,2307
recommendation,2308
weve,2309
association,2310
dedicated,2311
describe,2312
ethic,2313
skill,2314
legitimate,2315
homebased,2316
listening,2317
quit,2318
holding,2319
meeting,2320
commitment,2321
xenical,2322
room,2323
valtrex,2324
herpes,2325
propecia,2326
effectively,2327
treat,2328
male,2329
generic,2330
twice,2331
affiliated,2332
amazing,2333
operating,2334
keyboard,2335
device,2336
setting,2337
issue,2338
connected,2339
truly,2340
clearly,2341
co,2342
easytouse,2343
capability,2344
earnings,2345
imagine,2346
checked,2347
period,2348
critical,2349
figure,2350
technical,2351
martin,2352
lagosnigeria,2353
discus,2354
maintain,2355
kj,2356
quantity,2357
unit,2358
lifestyle,2359
spare,2360
rewarding,2361
burn,2362
illness,2363
paycheck,2364
catalog,2365
actual,2366
virtual,2367
updated,2368
basis,2369
supplier,2370
maker,2371
normal,2372
female,2373
star,2374
caught,2375
tape,2376
photo,2377
sun,2378
amateur,2379
contest,2380
truck,2381
suv,2382
dealer,2383
extend,2384
electrical,2385
damage,2386
heavy,2387
sometimes,2388
range,2389
cover,2390
tn,2391
uk,2392
rated,2393
saved,2394
bh,2395
astounding,2396
load,2397
patient,2398
mammoth,2399
investigative,2400
gigantic,2401
locate,2402
tenant,2403
roommate,2404
housekeeper,2405
fbi,2406
unlisted,2407
lookup,2408
transcript,2409
cloak,2410
alimony,2411
wiretap,2412
environmental,2413
marketplace,2414
candidate,2415
mo,2416
ft,2417
schedule,2418
recognized,2419
profile,2420
expected,2421
subjectoff,2422
recieve,2423
channel,2424
satellite,2425
preprogrammed,2426
fedex,2427
cod,2428
virtually,2429
fresh,2430
mass,2431
basic,2432
reading,2433
expiration,2434
provider,2435
produced,2436
establishment,2437
constitution,2438
subscribe,2439
entered,2440
june,2441
taking,2442
promptly,2443
rand,2444
weightbuild,2445
tonereverse,2446
libidoduration,2447
erectionhealthier,2448
memoryimproved,2449
skinnew,2450
growthwrinkle,2451
changed,2452
regal,2453
telecom,2454
tag,2455
keywords,2456
responsible,2457
onto,2458
magazine,2459
recommend,2460
cancer,2461
essential,2462
yellow,2463
rule,2464
near,2465
seeing,2466
appreciate,2467
pull,2468
buried,2469
boost,2470
smaller,2471
excite,2472
index,2473
que,2474
swiss,2475
east,2476
regional,2477
asia,2478
pacific,2479
sea,2480
aaa,2481
india,2482
informative,2483
force,2484
husband,2485
unknown,2486
written,2487
arrest,2488
running,2489
travel,2490
god,2491
bless,2492
vault,2493
agree,2494
nationally,2495
inhouse,2496
decade,2497
lawyer,2498
loved,2499
blaster,2500
built,2501
smtp,2502
multithreads,2503
multismtp,2504
interface,2505
maillist,2506
basically,2507
‿nobr,2508
emv,2509
exist,2510
demo,2511
extractor,2512
efficient,2513
expresseae,2514
webpage,2515
http,2516
proxyserver,2517
loading,2518
simultaneously,2519
searched,2520
proxy,2521
expressead,2522
convenient,2523
nt,2524
reconnect,2525
disconnected,2526
interrupted,2527
ergonomic,2528
campaign,2529
da,2530
para,2531
banner,2532
catch,2533
television,2534
beneficial,2535
gained,2536
stated,2537
statistic,2538
story,2539
appearance,2540
audience,2541
looked,2542
sitting,2543
wealthy,2544
investing,2545
worked,2546
interview,2547
couldnt,2548
mid,2549
december,2550
prior,2551
opinion,2552
eye,2553
putting,2554
figured,2555
worried,2556
chain,2557
printing,2558
march,2559
emailing,2560
bought,2561
ton,2562
fellow,2563
table,2564
began,2565
mailbox,2566
greatest,2567
portion,2568
encounter,2569
brown,2570
il,2571
direction,2572
posting,2573
retirement,2574
picking,2575
luck,2576
spending,2577
learning,2578
pressed,2579
ltd,2580
hardware,2581
pci,2582
nvidia,2583
geforce,2584
mx,2585
ddram,2586
sdram,2587
wtv,2588
ati,2589
modem,2590
ver,2591
phentermine,2592
weightloss,2593
zyban,2594
gt,2595
copier,2596
series,2597
ml,2598
mp,2599
ii,2600
mv,2601
lj,2602
laserfax,2603
optra,2604
epl,2605
laserwriter,2606
sc,2607
cfxl,2608
mark,2609
holder,2610
bcc,2611
contenttype,2612
texthtml,2613
contenttransferencoding,2614
comment,2615
min,2616
nj,2617
flatrate,2618
determined,2619
distance,2620
flat,2621
export,2622
prize,2623
vigoral,2624
specially,2625
stimulate,2626
vega,2627
nv,2628
spot,2629
audio,2630
conduct,2631
hold,2632
trip,2633
staff,2634
herein,2635
hosting,2636
daha,2637
rapidly,2638
outside,2639
healthy,2640
generating,2641
responsibility,2642
portfolio,2643
reduces,2644
safety,2645
massive,2646
tough,2647
surgery,2648
sport,2649
extensive,2650
estimate,2651
stateprovince,2652
statement,2653
coupon,2654
processor,2655
lease,2656
province,2657
liability,2658
symbol,2659
cbyi,2660
analyst,2661
advisory,2662
filed,2663
otcbb,2664
historically,2665
skyrocket,2666
postion,2667
annually,2668
instrument,2669
impressive,2670
air,2671
refining,2672
mitsubishi,2673
indicate,2674
contained,2675
forwardlooking,2676
litigation,2677
reform,2678
identified,2679
advisor,2680
profiled,2681
entity,2682
highrisk,2683
decides,2684
sole,2685
advisement,2686
rely,2687
solely,2688
publication,2689
factual,2690
recipient,2691
void,2692
prohibited,2693
expressed,2694
greeting,2695
onetime,2696
burned,2697
inbox,2698
deliver,2699
courage,2700
truth,2701
abandoned,2702
pitch,2703
conversion,2704
august,2705
match,2706
removing,2707
closing,2708
ebay,2709
reserve,2710
notification,2711
ea,2712
stronger,2713
storage,2714
break,2715
plant,2716
pound,2717
solicit,2718
urgency,2719
ministry,2720
duty,2721
committee,2722
awarded,2723
leaving,2724
excess,2725
concerned,2726
offshore,2727
secured,2728
circumstance,2729
civil,2730
colleague,2731
panel,2732
execution,2733
utmost,2734
secrecy,2735
quarter,2736
faithfully,2737
hiring,2738
anyones,2739
debtor,2740
birth,2741
untraceable,2742
dialing,2743
quicker,2744
portable,2745
opex,2746
challenge,2747
bible,2748
phrase,2749
valued,2750
language,2751
commentary,2752
increasing,2753
continuously,2754
supplied,2755
mile,2756
stream,2757
biz,2758
extension,2759
administrator,2760
promotional,2761
commonly,2762
ab,2763
indian,2764
young,2765
launch,2766
affect,2767
educational,2768
vision,2769
perhaps,2770
javamailrovadminrovweb,2771
textplain,2772
charsetiso,2773
community,2774
capitalize,2775
showcase,2776
isps,2777
town,2778
asking,2779
branding,2780
standing,2781
listen,2782
encouraged,2783
visitor,2784
stopping,2785
released,2786
merchandise,2787
appeal,2788
exhibit,2789
cpm,2790
sponsorship,2791
entry,2792
answering,2793
drawing,2794
expectation,2795
associated,2796
suggestion,2797
invite,2798
bomb,2799
sponsor,2800
edit,2801
powered,2802
century,2803
erectile,2804
ed,2805
excited,2806
comfort,2807
enables,2808
nervous,2809
eat,2810
breakthrough,2811
early,2812
recommended,2813
dosage,2814
immune,2815
approach,2816
harvest,2817
targeting,2818
aol,2819
¡¡if,2820
disclaimerwe,2821
compliant,2822
adv,2823
floor,2824
established,2825
automated,2826
automatic,2827
went,2828
iron,2829
twenty,2830
granted,2831
expertise,2832
background,2833
abacha,2834
sani,2835
measure,2836
fc,2837
night,2838
game,2839
followup,2840
issued,2841
whatsoever,2842
brandnew,2843
hire,2844
relative,2845
bjk,2846
bir,2847
bu,2848
gb,2849
için,2850
blend,2851
pressure,2852
steady,2853
function,2854
saw,2855
showing,2856
daa,2857
represent,2858
az,2859
mt,2860
oh,2861
zippostal,2862
visiting,2863
gaming,2864
round,2865
graphic,2866
java,2867
lottery,2868
earned,2869
radio,2870
newspaper,2871
broadcast,2872
comparison,2873
cat,2874
creates,2875
digital,2876
impact,2877
theyre,2878
shot,2879
nim,2880
handbook,2881
sends,2882
previous,2883
filing,2884
wonderful,2885
los,2886
angeles,2887
bc,2888
mf,2889
draft,2890
amex,2891
registrant,2892
civilian,2893
thursday,2894
abachas,2895
usually,2896
gone,2897
mentioned,2898
unclaimed,2899
turnkey,2900
resort,2901
principal,2902
higher,2903
deadline,2904
western,2905
kit,2906
russian,2907
cam,2908
xxx,2909
marked,2910
lazy,2911
generated,2912
impotence,2913
delivered,2914
miracle,2915
pledge,2916
dental,2917
selection,2918
union,2919
november,2920
deceased,2921
indicated,2922
banking,2923
signups,2924
creditfix,2925
coker,2926
central,2927
acting,2928
projection,2929
certified,2930
bluecom,2931
danmark,2932
otc,2933
evaluate,2934
station,2935
circulation,2936
lack,2937
cholesterol,2938
petite,2939
nasty,2940
perform,2941
prove,2942
daniel,2943
entertainment,2944
skip,2945
cg,2946
frame,2947
recruiter,2948
bachelor,2949
doctorate,2950
phd,2951
tony,2952
karma,2953
promoting,2954
gas,2955
improves,2956
igtt,2957
bulletin,2958
pick,2959
indiginet,2960
continued,2961
telecommunication,2962
nasdaq,2963
explode,2964
smes,2965
wireless,2966
overall,2967
tune,2968
consideration,2969
differ,2970
disc,2971
useful,2972
bb,2973
finest,2974
accuracy,2975
focus,2976
seizure,2977
sh,2978
ebooks,2979
promote,2980
hint,2981
wisdom,2982
theft,2983
animal,2984
blast,2985
maxaman™,2986
stamen,2987
tissue,2988
thickness,2989
chart,2990
width,2991
maxaman,2992
testosterone,2993
formation,2994
native,2995
fatigue,2996
acid,2997
heart,2998
film,2999
fb,3000
independence,3001
representative,3002
expires,3003
jm,3004
iahr,3005
consistently,3006
baby,3007
apr,3008
dec,3009
larry,3010
king,3011
attack,3012
tr,3013
rehber,3014
icin,3015
olarak,3016
rehberi,3017
aldiginizda,3018
programlar,3019
icq,3020
tl,3021
türk,3022
adresi,3023
sizin,3024
vary,3025
antiaging,3026
slow,3027
trim,3028
degree,3029
corp,3030
universal,3031
erase,3032
developer,3033
dime,3034
advertiser,3035
surf,3036
multipart,3037
boundary,3038
hvbwv,3039
sl,3040
bhz,3041
vzl,3042
tpg,3043
dqo,3044
xlc,3045
ic,3046
dg,3047
imh,3048
dha,3049
ly,3050
ob,3051
ywxry,3052
hz,3053
ncg,3054
kdqo,3055
kls,3056
ym,3057
ij,3058
dcb,3059
ud,3060
xvcj,3061
pbwfnzxmvc,3062
bhy,3063
leveg,3064
su,3065
cdovl,3066
ltywdlcy,3067
aw,3068
zm,3069
ihnpemu,3070
udd,3071
sb,3072
igzhy,3073
zt,3074
dq,3075
pg,3076
zw,3077
cy,3078
vd,3079
zvbnqpc,3080
awr,3081
kpgegahjlzj,3082
dy,3083
kpc,3084
yj,3085
ag,3086
kdq,3087
nnas,3088
iaw,3089
vy,3090
zd,3091
odg,3092
sp,3093
lkdgg,3094
nihnyyz,3095
snoring,3096
snore,3097
eliminator,3098
throat,3099
rid,3100
patented,3101
writes,3102
wake,3103
aa,3104
council,3105
vote,3106
cellulite,3107
brochure,3108
reviewed,3109
wrote,3110
navigation,3111
sentence,3112
beginning,3113
font,3114
protects,3115
sql,3116
ibm,3117
系列,3118
【s,3119
黑色】epson,3120
《批發價,3121
元》,3122
彩色】epson,3123
【t,3124
晶片型,3125
【hp,3126
彩色】dj,3127
黑色】dj,3128
【hpc,3129
】epson,3130
】laserjet,3131
false,3132
deliverable,3133
relation,3134
role,3135
desktop,3136
historical,3137
barrister,3138
adewale,3139
regime,3140
clearance,3141
ffa,3142
ezine,3143
posted,3144
visited,3145
mailer,3146
seller,3147
authorize,3148
merger,3149
gwih,3150
ssa,3151
patent,3152
ec,3153
descrambler,3154
powerman,3155
eb,3156
absorber,3157
display,3158
preferred,3159
miniplants,3160
container,3161
tire,3162
construction,3163
miniplantas,3164
produccion,3165
moviles,3166
el,3167
minister,3168
lien,3169
watchdog,3170
theyll,3171
stamp,3172
nextpart,3173
bdf,3174
fabac,3175
ee,3176
reader,3177
bullet,3178
headline,3179
credibility,3180
recognition,3181
max,3182
fcc,3183
bathtub,3184
song,3185
green,3186
nucredit,3187
healing,3188
season,3189
bea,3190
unix,3191
oracle,3192
db,3193
democratic,3194
talent,3195
ltc,3196
tivo,3197
amnm,3198
dad,3199
thomas,3200
veuve,3201
clicquot,3202
sic,3203
fd,3204
vat,3205
ba,3206
bee,3207
toolbar,3208
homemailers,3209
cmnw,3210
ibxg,3211
declaration,3212
cj,3213
correction,3214
kica,3215
ndqo,3216
xnjq,3217
lze,3218
mzivmty,3219
oc,3220
dhidq,3221
rvcmvzcg,3222
ydhmvymvsb,3223
szxnhbgvzcg,3224
lmiib,3225
xmzcgagvpz,3226
jkzxi,3227
rkpg,3228
ighlawdodd,3229
ysbocmvmpsjodhrwoi,3230
lnzzdg,3231
yzs,3232
dplwjpbi,3233
vul,3234
zzdg,3235
yzxnwb,3236
izwxvd,3237
dob,3238
fszxnwb,3239
bwwbw,3240
kzt,3241
pbwfnzxmvmty,3242
xnzmylze,3243
cudnn,3244
jllmnvbs,3245
jz,3246
ktymlul,3247
vdnn,3248
jlc,3249
bvcnrzl,3250
jlbg,3251
hvbgvzywxlc,3252
bd,3253
tb,3254
vcgfnzs,3255
jjpsivaw,3256
vnzw,3257
uuahrtbd,3258
zcb,3259
ywxpz,3260
rypg,3261
ywjszt,3262
wywdll,3263
jzw,3264
luzz,3265
wywdlz,3266
wywdllmh,3267
wpjwvyt,3268
kpcetlsbiihrvcgnhdgxpc,3269
qg,3270
rvcmuuy,3271
cgfnzwdlbi,3272
ydhmvcgfn,3273
vzgu,3274
chjvzhvjdhmmzmlszt,3275
wcm,3276
kbglzdhy,3277
rsaxn,3278
lnnwbczjyxrpzd,3279
rvcmvz,3280
ydhmvaw,3281
nhdgvnb,3282
ptiyigjvcmrlcj,3283
yni,3284
kpcetlsblihrvcgnhdgxpc,3285
qgls,3286
acb,3287
ydhmvcgfnzs,3288
rlpwl,3289
wywdljmzpbgu,3290
uvaxrlbxbhz,3291
vcgfnzwdlbi,3292
axrlbxbhz,3293
umzmlszt,3294
wywdllnnwbczwcm,3295
ksuq,3296
pdgvtcgfnzxy,3297
df,3298
gh,3299
formal,3300
fa,3301
eff,3302
beb,3303
aba,3304
cf,3305
aec,3306
cb,3307
fe,3308
ae,3309
dff,3310
bf,3311
eaf,3312
bec,3313
cfc,3314
ebb,3315
dfe,3316
cff,3317
af,3318
cad,3319
def,3320
daf,3321
ded,3322
afe,3323
bdb,3324
ebc,3325
bba,3326
fef,3327
fbd,3328
dfc,3329
fae,3330
ef,3331
bff,3332
eda,3333
aaf,3334
baa,3335
efb,3336
caf,3337
abc,3338
cce,3339
faf,3340
dfd,3341
cdc,3342
dba,3343
ebd,3344
abd,3345
deb,3346
baf,3347
dcf,3348
ceb,3349
bbb,3350
edc,3351
cfe,3352
cdf,3353
fbe,3354
faa,3355
efc,3356
ccd,3357
fba,3358
cab,3359
eca,3360
aae,3361
ebf,3362
ffe,3363
bbf,3364
cda,3365
cbd,3366
eba,3367
efd,3368
acf,3369
bae,3370
ece,3371
bfc,3372
ddb,3373
cfb,3374
roth,3375
enenkio,3376
moore,3377
rmi,3378
monarch,3379
dom,3380
taongi,3381
atoll,3382
northern,3383
marshall,3384
fraudulent,3385
marshallese,3386
paramount,3387
hermios,3388
majesty,3389
remios,3390
sovereign,3391
eneenkio,3392
iroijlaplap,3393
murjel,3394
ratak,3395
jurisdiction,3396
melchizedek,3397
â»,3398
cxin,3399
topsitesus,3400
